{"name":"ex1.exe","symbols":[{"name":"dbg.mainCRTStartup","address":"100401000","functionId":1},{"name":"sym.__gcc_register_frame","address":"100401050","functionId":2},{"name":"LAB_100401065","address":"100401065","functionId":3},{"name":"sym.__gcc_deregister_frame","address":"100401070","functionId":4},{"name":"dbg.length","address":"100401080","functionId":5},{"name":"LAB_100401095","address":"100401095","functionId":3},{"name":"LAB_100401099","address":"100401099","functionId":3},{"name":"dbg.indexof","address":"1004010b6","functionId":6},{"name":"LAB_1004010f8","address":"1004010f8","functionId":3},{"name":"LAB_100401126","address":"100401126","functionId":3},{"name":"LAB_100401131","address":"100401131","functionId":3},{"name":"LAB_100401144","address":"100401144","functionId":3},{"name":"LAB_10040114c","address":"10040114c","functionId":3},{"name":"dbg.replaceSubstring","address":"100401155","functionId":7},{"name":"LAB_1004011d2","address":"1004011d2","functionId":3},{"name":"LAB_1004011f9","address":"1004011f9","functionId":3},{"name":"LAB_100401206","address":"100401206","functionId":3},{"name":"LAB_100401228","address":"100401228","functionId":3},{"name":"LAB_100401250","address":"100401250","functionId":3},{"name":"LAB_10040126a","address":"10040126a","functionId":3},{"name":"LAB_100401291","address":"100401291","functionId":3},{"name":"LAB_1004012b3","address":"1004012b3","functionId":3},{"name":"LAB_1004012c7","address":"1004012c7","functionId":3},{"name":"LAB_1004012ef","address":"1004012ef","functionId":3},{"name":"LAB_100401306","address":"100401306","functionId":3},{"name":"LAB_10040132d","address":"10040132d","functionId":3},{"name":"LAB_10040134b","address":"10040134b","functionId":3},{"name":"dbg.changeSubstringCase","address":"100401352","functionId":8},{"name":"LAB_10040139b","address":"10040139b","functionId":3},{"name":"LAB_1004013e6","address":"1004013e6","functionId":3},{"name":"LAB_10040140a","address":"10040140a","functionId":3},{"name":"LAB_10040140e","address":"10040140e","functionId":3},{"name":"LAB_100401417","address":"100401417","functionId":3},{"name":"dbg.main","address":"10040141e","functionId":9},{"name":"sym.__cxa_atexit","address":"100401550","functionId":10},{"name":"sym.__main","address":"100401560","functionId":11},{"name":"sym.printf","address":"100401570","functionId":12},{"name":"sym.puts","address":"100401580","functionId":13},{"name":"dbg.msys_crt0","address":"100401590","functionId":14},{"name":"LAB_1004015a6","address":"1004015a6","functionId":3},{"name":"dbg.cygwin_premain0","address":"1004015b0","functionId":15},{"name":"dbg.cygwin_premain1","address":"1004015c0","functionId":16},{"name":"dbg.cygwin_premain2","address":"1004015d0","functionId":17},{"name":"dbg.cygwin_premain3","address":"1004015e0","functionId":18},{"name":"dbg._msys_crt0_common","address":"1004015f0","functionId":19},{"name":"LAB_1004016fb","address":"1004016fb","functionId":3},{"name":"LAB_100401717","address":"100401717","functionId":3},{"name":"LAB_100401725","address":"100401725","functionId":3},{"name":"LAB_100401733","address":"100401733","functionId":3},{"name":"LAB_100401741","address":"100401741","functionId":3},{"name":"LAB_10040174f","address":"10040174f","functionId":3},{"name":"LAB_10040175d","address":"10040175d","functionId":3},{"name":"LAB_10040176b","address":"10040176b","functionId":3},{"name":"LAB_100401779","address":"100401779","functionId":3},{"name":"LAB_1004017a8","address":"1004017a8","functionId":3},{"name":"LAB_100401820","address":"100401820","functionId":3},{"name":"LAB_100401920","address":"100401920","functionId":3},{"name":"LAB_100401930","address":"100401930","functionId":3},{"name":"LAB_100401940","address":"100401940","functionId":3},{"name":"LAB_100401950","address":"100401950","functionId":3},{"name":"LAB_100401960","address":"100401960","functionId":3},{"name":"LAB_100401970","address":"100401970","functionId":3},{"name":"LAB_100401980","address":"100401980","functionId":3},{"name":"LAB_100401990","address":"100401990","functionId":3},{"name":"dbg.__dllMain","address":"1004019a0","functionId":20},{"name":"LAB_1004019b9","address":"1004019b9","functionId":3},{"name":"dbg._msys_dll_entry","address":"1004019c0","functionId":21},{"name":"LAB_100401a16","address":"100401a16","functionId":3},{"name":"LAB_100401a20","address":"100401a20","functionId":3},{"name":"LAB_100401a40","address":"100401a40","functionId":3},{"name":"LAB_100401a50","address":"100401a50","functionId":3},{"name":"LAB_100401a7a","address":"100401a7a","functionId":3},{"name":"dbg._msys_nonmsys_dll_entry","address":"100401a80","functionId":22},{"name":"dbg.DllMain","address":"100401a90","functionId":23},{"name":"dbg._pei386_runtime_relocator","address":"100401aa0","functionId":24},{"name":"sym.calloc","address":"100401ab0","functionId":25},{"name":"sym.cygwin_internal","address":"100401ac0","functionId":26},{"name":"free","address":"100401ad0","functionId":3},{"name":"sym.malloc","address":"100401ae0","functionId":27},{"name":"sym.msys_detach_dll","address":"100401af0","functionId":28},{"name":"sym.posix_memalign","address":"100401b00","functionId":29},{"name":"sym.realloc","address":"100401b10","functionId":30},{"name":"dbg.msys_attach_dll","address":"100401b20","functionId":31},{"name":"sym.dll_dllcrt0","address":"100401b60","functionId":32},{"name":"sym.GetModuleHandleA","address":"100401b70","functionId":33},{"name":"sym.register_frame_ctor","address":"100401b80","functionId":34}]}