{"name":"FileIconExtractor.exe","symbols":[{"name":"fcn.140001000","address":"140001000","functionId":1},{"name":"fcn.140001010","address":"140001010","functionId":2},{"name":"LAB_140001065","address":"140001065","functionId":3},{"name":"method.Gdiplus::Bitmap.virtual_0","address":"140001070","functionId":4},{"name":"LAB_1400010b6","address":"1400010b6","functionId":3},{"name":"LAB_1400010c0","address":"1400010c0","functionId":3},{"name":"LAB_1400010ce","address":"1400010ce","functionId":3},{"name":"method.Gdiplus::Bitmap.virtual_8","address":"1400010d0","functionId":5},{"name":"LAB_1400010f8","address":"1400010f8","functionId":3},{"name":"LAB_140001127","address":"140001127","functionId":3},{"name":"LAB_14000112d","address":"14000112d","functionId":3},{"name":"main","address":"140001130","functionId":6},{"name":"LAB_14000116e","address":"14000116e","functionId":3},{"name":"LAB_14000120c","address":"14000120c","functionId":3},{"name":"LAB_140001278","address":"140001278","functionId":3},{"name":"LAB_14000127b","address":"14000127b","functionId":3},{"name":"LAB_140001294","address":"140001294","functionId":3},{"name":"LAB_1400012b1","address":"1400012b1","functionId":3},{"name":"LAB_1400012d5","address":"1400012d5","functionId":3},{"name":"LAB_1400012fe","address":"1400012fe","functionId":3},{"name":"LAB_140001352","address":"140001352","functionId":3},{"name":"LAB_140001355","address":"140001355","functionId":3},{"name":"LAB_14000136b","address":"14000136b","functionId":3},{"name":"LAB_1400013d0","address":"1400013d0","functionId":3},{"name":"LAB_1400013e0","address":"1400013e0","functionId":3},{"name":"LAB_140001437","address":"140001437","functionId":3},{"name":"LAB_14000143e","address":"14000143e","functionId":3},{"name":"LAB_140001447","address":"140001447","functionId":3},{"name":"LAB_140001453","address":"140001453","functionId":3},{"name":"LAB_140001460","address":"140001460","functionId":3},{"name":"LAB_14000146d","address":"14000146d","functionId":3},{"name":"LAB_140001498","address":"140001498","functionId":3},{"name":"LAB_1400014ab","address":"1400014ab","functionId":3},{"name":"LAB_1400014b2","address":"1400014b2","functionId":3},{"name":"LAB_1400014c4","address":"1400014c4","functionId":3},{"name":"LAB_1400014cb","address":"1400014cb","functionId":3},{"name":"LAB_1400014d6","address":"1400014d6","functionId":3},{"name":"LAB_1400014fa","address":"1400014fa","functionId":3},{"name":"LAB_14000151e","address":"14000151e","functionId":3},{"name":"LAB_140001537","address":"140001537","functionId":3},{"name":"fcn.140001540","address":"140001540","functionId":7},{"name":"fcn.140001560","address":"140001560","functionId":8},{"name":"LAB_140001575","address":"140001575","functionId":3},{"name":"LAB_140001579","address":"140001579","functionId":3},{"name":"LAB_14000157e","address":"14000157e","functionId":3},{"name":"method.type_info.virtual_0","address":"140001580","functionId":9},{"name":"LAB_1400015a2","address":"1400015a2","functionId":3},{"name":"LAB_1400015ab","address":"1400015ab","functionId":3},{"name":"FUN_1400015ac","address":"1400015ac","functionId":3},{"name":"LAB_14000161f","address":"14000161f","functionId":3},{"name":"LAB_140001643","address":"140001643","functionId":3},{"name":"LAB_140001657","address":"140001657","functionId":3},{"name":"LAB_140001662","address":"140001662","functionId":3},{"name":"FUN_140001664","address":"140001664","functionId":3},{"name":"LAB_140001674","address":"140001674","functionId":3},{"name":"LAB_14000168d","address":"14000168d","functionId":3},{"name":"FUN_140001690","address":"140001690","functionId":3},{"name":"LAB_1400016fe","address":"1400016fe","functionId":3},{"name":"LAB_14000171d","address":"14000171d","functionId":3},{"name":"LAB_140001725","address":"140001725","functionId":3},{"name":"LAB_140001758","address":"140001758","functionId":3},{"name":"LAB_14000177a","address":"14000177a","functionId":3},{"name":"LAB_1400017b1","address":"1400017b1","functionId":3},{"name":"LAB_1400017d7","address":"1400017d7","functionId":3},{"name":"LAB_1400017e7","address":"1400017e7","functionId":3},{"name":"LAB_1400017f2","address":"1400017f2","functionId":3},{"name":"LAB_1400017fc","address":"1400017fc","functionId":3},{"name":"entry0","address":"14000180c","functionId":10},{"name":"LAB_14000181e","address":"14000181e","functionId":3},{"name":"fcn.140001820","address":"140001820","functionId":11},{"name":"FUN_140001854","address":"140001854","functionId":3},{"name":"LAB_140001873","address":"140001873","functionId":3},{"name":"LAB_140001926","address":"140001926","functionId":3},{"name":"fcn.140001928","address":"140001928","functionId":12},{"name":"LAB_140001942","address":"140001942","functionId":3},{"name":"LAB_140001991","address":"140001991","functionId":3},{"name":"LAB_140001999","address":"140001999","functionId":3},{"name":"fcn.14000199c","address":"14000199c","functionId":13},{"name":"fcn.1400019a4","address":"1400019a4","functionId":14},{"name":"LAB_1400019c0","address":"1400019c0","functionId":3},{"name":"LAB_1400019c5","address":"1400019c5","functionId":3},{"name":"LAB_1400019d2","address":"1400019d2","functionId":3},{"name":"LAB_1400019d4","address":"1400019d4","functionId":3},{"name":"LAB_1400019d9","address":"1400019d9","functionId":3},{"name":"LAB_1400019dd","address":"1400019dd","functionId":3},{"name":"fcn.1400019e0","address":"1400019e0","functionId":15},{"name":"LAB_140001a0b","address":"140001a0b","functionId":3},{"name":"LAB_140001a0f","address":"140001a0f","functionId":3},{"name":"LAB_140001a21","address":"140001a21","functionId":3},{"name":"LAB_140001a23","address":"140001a23","functionId":3},{"name":"LAB_140001a29","address":"140001a29","functionId":3},{"name":"fcn.140001a2c","address":"140001a2c","functionId":16},{"name":"LAB_140001a6f","address":"140001a6f","functionId":3},{"name":"LAB_140001a73","address":"140001a73","functionId":3},{"name":"LAB_140001a9d","address":"140001a9d","functionId":3},{"name":"LAB_140001aa4","address":"140001aa4","functionId":3},{"name":"LAB_140001aa6","address":"140001aa6","functionId":3},{"name":"LAB_140001aac","address":"140001aac","functionId":3},{"name":"LAB_140001ab7","address":"140001ab7","functionId":3},{"name":"fcn.140001ab8","address":"140001ab8","functionId":17},{"name":"LAB_140001b0b","address":"140001b0b","functionId":3},{"name":"LAB_140001b26","address":"140001b26","functionId":3},{"name":"LAB_140001b2c","address":"140001b2c","functionId":3},{"name":"LAB_140001b2e","address":"140001b2e","functionId":3},{"name":"LAB_140001b37","address":"140001b37","functionId":3},{"name":"LAB_140001b41","address":"140001b41","functionId":3},{"name":"LAB_140001b45","address":"140001b45","functionId":3},{"name":"LAB_140001b4b","address":"140001b4b","functionId":3},{"name":"fcn.140001b50","address":"140001b50","functionId":18},{"name":"LAB_140001b6e","address":"140001b6e","functionId":3},{"name":"fcn.140001b74","address":"140001b74","functionId":19},{"name":"LAB_140001b89","address":"140001b89","functionId":3},{"name":"LAB_140001b95","address":"140001b95","functionId":3},{"name":"LAB_140001b9d","address":"140001b9d","functionId":3},{"name":"fcn.140001ba0","address":"140001ba0","functionId":20},{"name":"LAB_140001bba","address":"140001bba","functionId":3},{"name":"LAB_140001bc9","address":"140001bc9","functionId":3},{"name":"LAB_140001bda","address":"140001bda","functionId":3},{"name":"fcn.140001bdc","address":"140001bdc","functionId":21},{"name":"LAB_140001bf3","address":"140001bf3","functionId":3},{"name":"fcn.140001bf4","address":"140001bf4","functionId":22},{"name":"LAB_140001c8b","address":"140001c8b","functionId":3},{"name":"fcn.140001ca0","address":"140001ca0","functionId":23},{"name":"fcn.140001ca4","address":"140001ca4","functionId":24},{"name":"fcn.140001cac","address":"140001cac","functionId":25},{"name":"fcn.140001cb4","address":"140001cb4","functionId":26},{"name":"fcn.140001cc4","address":"140001cc4","functionId":27},{"name":"fcn.140001cc8","address":"140001cc8","functionId":28},{"name":"fcn.140001cd0","address":"140001cd0","functionId":29},{"name":"LAB_140001ceb","address":"140001ceb","functionId":3},{"name":"fcn.140001cec","address":"140001cec","functionId":30},{"name":"fcn.140001cf8","address":"140001cf8","functionId":31},{"name":"fcn.140001d00","address":"140001d00","functionId":32},{"name":"fcn.140001d08","address":"140001d08","functionId":33},{"name":"fcn.140001d10","address":"140001d10","functionId":34},{"name":"LAB_140001d3a","address":"140001d3a","functionId":3},{"name":"LAB_140001dba","address":"140001dba","functionId":3},{"name":"LAB_140001e4a","address":"140001e4a","functionId":3},{"name":"LAB_140001e5b","address":"140001e5b","functionId":3},{"name":"fcn.140001e5c","address":"140001e5c","functionId":35},{"name":"fcn.140001e64","address":"140001e64","functionId":36},{"name":"LAB_140001eae","address":"140001eae","functionId":3},{"name":"LAB_140001eb0","address":"140001eb0","functionId":3},{"name":"LAB_140001eb5","address":"140001eb5","functionId":3},{"name":"fcn.140001eb8","address":"140001eb8","functionId":37},{"name":"LAB_140001ec8","address":"140001ec8","functionId":3},{"name":"LAB_140001efc","address":"140001efc","functionId":3},{"name":"LAB_140001f09","address":"140001f09","functionId":3},{"name":"LAB_140001f23","address":"140001f23","functionId":3},{"name":"fcn.140001f24","address":"140001f24","functionId":38},{"name":"LAB_140001f3e","address":"140001f3e","functionId":3},{"name":"LAB_140001f4c","address":"140001f4c","functionId":3},{"name":"LAB_140001f50","address":"140001f50","functionId":3},{"name":"LAB_140001f60","address":"140001f60","functionId":3},{"name":"LAB_140001f7a","address":"140001f7a","functionId":3},{"name":"LAB_140001f88","address":"140001f88","functionId":3},{"name":"LAB_140001f8c","address":"140001f8c","functionId":3},{"name":"free","address":"140001f9c","functionId":3},{"name":"fcn.140001fa4","address":"140001fa4","functionId":39},{"name":"LAB_140002044","address":"140002044","functionId":3},{"name":"LAB_140002058","address":"140002058","functionId":3},{"name":"LAB_14000205f","address":"14000205f","functionId":3},{"name":"LAB_140002092","address":"140002092","functionId":3},{"name":"LAB_14000213e","address":"14000213e","functionId":3},{"name":"fcn.140002150","address":"140002150","functionId":40},{"name":"LAB_140002160","address":"140002160","functionId":3},{"name":"sub.VCRUNTIME140.dll___current_exception","address":"140002166","functionId":41},{"name":"sub.VCRUNTIME140.dll___current_exception_context","address":"14000216c","functionId":42},{"name":"sub.VCRUNTIME140.dll_memset","address":"140002172","functionId":43},{"name":"free","address":"140002178","functionId":3},{"name":"sub.api_ms_win_crt_runtime_l1_1_0.dll__seh_filter_exe","address":"14000217e","functionId":44},{"name":"sub.api_ms_win_crt_runtime_l1_1_0.dll__set_app_type","address":"140002184","functionId":45},{"name":"sub.api_ms_win_crt_math_l1_1_0.dll___setusermatherr","address":"14000218a","functionId":46},{"name":"sub.api_ms_win_crt_runtime_l1_1_0.dll__configure_wide_argv","address":"140002190","functionId":47},{"name":"sub.api_ms_win_crt_runtime_l1_1_0.dll__initialize_wide_environment","address":"140002196","functionId":48},{"name":"sub.api_ms_win_crt_runtime_l1_1_0.dll__get_initial_wide_environment","address":"14000219c","functionId":49},{"name":"sub.api_ms_win_crt_runtime_l1_1_0.dll__initterm","address":"1400021a2","functionId":50},{"name":"sub.api_ms_win_crt_runtime_l1_1_0.dll__initterm_e","address":"1400021a8","functionId":51},{"name":"sub.api_ms_win_crt_runtime_l1_1_0.dll_exit","address":"1400021ae","functionId":52},{"name":"sub.api_ms_win_crt_runtime_l1_1_0.dll__exit","address":"1400021b4","functionId":53},{"name":"sub.api_ms_win_crt_stdio_l1_1_0.dll__set_fmode","address":"1400021ba","functionId":54},{"name":"sub.api_ms_win_crt_runtime_l1_1_0.dll___p___argc","address":"1400021c0","functionId":55},{"name":"sub.api_ms_win_crt_runtime_l1_1_0.dll___p___wargv","address":"1400021c6","functionId":56},{"name":"sub.api_ms_win_crt_runtime_l1_1_0.dll__cexit","address":"1400021cc","functionId":57},{"name":"sub.api_ms_win_crt_runtime_l1_1_0.dll__register_thread_local_exe_atexit_callback","address":"1400021d8","functionId":58},{"name":"sub.api_ms_win_crt_locale_l1_1_0.dll__configthreadlocale","address":"1400021de","functionId":59},{"name":"LAB_1400021e4","address":"1400021e4","functionId":3},{"name":"sub.api_ms_win_crt_stdio_l1_1_0.dll___p__commode","address":"1400021ea","functionId":60},{"name":"sub.api_ms_win_crt_runtime_l1_1_0.dll__initialize_onexit_table","address":"1400021f0","functionId":61},{"name":"sub.api_ms_win_crt_runtime_l1_1_0.dll__register_onexit_function","address":"1400021f6","functionId":62},{"name":"sub.api_ms_win_crt_runtime_l1_1_0.dll__crt_atexit","address":"1400021fc","functionId":63},{"name":"sub.api_ms_win_crt_runtime_l1_1_0.dll_terminate","address":"140002202","functionId":64},{"name":"LAB_140002208","address":"140002208","functionId":3},{"name":"LAB_140002225","address":"140002225","functionId":3},{"name":"fcn.140002228","address":"140002228","functionId":65},{"name":"LAB_140002253","address":"140002253","functionId":3},{"name":"LAB_140002277","address":"140002277","functionId":3},{"name":"LAB_140002283","address":"140002283","functionId":3},{"name":"_guard_dispatch_icall","address":"1400022a0","functionId":3},{"name":"LAB_1400022a2","address":"1400022a2","functionId":3},{"name":"LAB_1400022c0","address":"1400022c0","functionId":3},{"name":"LAB_1400022c6","address":"1400022c6","functionId":3},{"name":"LAB_1400022e4","address":"1400022e4","functionId":3}]}