{"name":"test4","collab":{"binaries":{"1":{"analysisStatus":"complete","bookmarkedAddresses":["140001130","14000180c"],"symbolOverrides":{"14000180c":"program_entry_point"},"annotations":{"35":{"3":{"userIds":[3],"text":"test"},"4":{"userIds":[2],"text":"arguments?"},"43":{"userIds":[2],"text":"calls a win32 function…"}}}},"2":{"analysisStatus":"complete","bookmarkedAddresses":["140001130","14000180c"],"symbolOverrides":{"14000180c":"program_entry_point"},"annotations":{"35":{"3":{"userIds":[3],"text":"test"},"4":{"userIds":[2],"text":"arguments?"},"43":{"userIds":[2],"text":"calls a win32 function…"}}}},"3":{"analysisStatus":"complete","bookmarkedAddresses":["140001130","14000180c"],"symbolOverrides":{"14000180c":"program_entry_point"},"annotations":{"35":{"3":{"userIds":[3],"text":"test"},"4":{"userIds":[2],"text":"arguments?"},"43":{"userIds":[2],"text":"calls a win32 function…"}}}}}}}